<?xml version="1.0" encoding="UTF-8"?>
<!-- 注意beans节点中使用的名称空间要正确 -->
<beans xmlns="http://www.springframework.org/schema/beans"
       xmlns:xsi="http://www.w3.org/2001/XMLSchema-instance"
       xmlns:context="http://www.springframework.org/schema/context" xmlns:tx="http://www.springframework.org/schema/tx"
       xmlns:mvc="http://www.springframework.org/schema/mvc"
       xsi:schemaLocation="http://www.springframework.org/schema/beans http://www.springframework.org/schema/beans/spring-beans.xsd http://www.springframework.org/schema/context http://www.springframework.org/schema/context/spring-context.xsd http://www.springframework.org/schema/tx http://www.springframework.org/schema/tx/spring-tx.xsd http://www.springframework.org/schema/mvc http://www.springframework.org/schema/mvc/spring-mvc.xsd">
    <!-- 一、配置数据源 -->
    <!-- 1. 加载db.properties文件，以便下面使用其中的属性 -->
    <context:property-placeholder location="classpath:db.properties" />
    <!-- 2. 使用DBCP连接池配置数据源bean -->
    <bean id="dataSource" class="org.apache.commons.dbcp2.BasicDataSource">
        <!-- 驱动的类名。这里的name千万不要写成"driver"，而是"driverClassName" -->
        <property name="driverClassName" value="${jdbc.driver}" />
        <property name="url" value="${jdbc.url}" />
        <property name="username" value="${jdbc.username}" />
        <property name="password" value="${jdbc.password}" />
        <!-- 初始化连接数 -->
        <property name="initialSize" value="${jdbc.initialSize}" />
        <!-- 最大连接数 -->
        <property name="maxTotal" value="${jdbc.maxTotal}" />
        <!-- 最大空闲连接数 -->
        <property name="maxIdle" value="${jdbc.maxIdle}" />
        <!-- 上述三项，在开发时应设置地较小，够用即可。避免多台开发电脑连接同一个局域网的数据库时连接数太多 -->
    </bean>
    <!-- 二、Mybatis的整合配置 -->
    <!-- 1. 配置会话工厂。 -->
    <bean id="sqlSessionFactory" class="org.mybatis.spring.SqlSessionFactoryBean">
        <!-- 引用数据源 -->
        <property name="dataSource" ref="dataSource" />
        <!-- 指定Mybatis的主配置文件所在位置。这里就指定为mybatis/config.xml -->
        <property name="configLocation" value="classpath:mybatis/config.xml" />
    </bean>
    <!-- 2. 配置mapper。这里使用MapperScannerConfigurer扫描mapper包 -->
    <bean class="org.mybatis.spring.mapper.MapperScannerConfigurer">
        <!-- 指定mapper所在包 -->
        <property name="basePackage" value="com.emp.mapper" />
        <!-- 指明sqlSessionFactory配置的bean的名称，注意这里不是引用sqlSessionFactory -->
        <property name="sqlSessionFactoryBeanName" value="sqlSessionFactory" />
    </bean>
    <!-- 三、配置Service和Controller -->
    <!-- 只要开启注解扫描即可。注解扫描这里实际上就是为Service和Controller服务的，因为需要把他们加入到容器管理中 -->
    <!-- 而mapper接口类需要加注解@Repository，因为mapper接口类已经通过之前配置的mapper扫描器MapperScannerConfigurer注入Spring中了，并且注入的mapper代理类的bean名称是以类名命名的（首字母小写，例如employeeMapper） -->
    <context:component-scan base-package="com.emp" />
    <!-- 四、事务配置 -->
    <bean id="tx" class="org.springframework.jdbc.datasource.DataSourceTransactionManager">
        <!-- 引用dataSource -->
        <property name="dataSource" ref="dataSource" />
    </bean>
    <!-- 使用事务注解 -->
    <tx:annotation-driven transaction-manager="tx" proxy-target-class="true" />
</beans>